{"cameraMode":{"drawMode":0,"name":"Shaded","section":"Shading Mode"},"sceneLighting":false,"audioPlay":false,"sceneViewState":{"showFog":true,"showMaterialUpdate":false,"showSkybox":false,"showFlares":true,"showImageEffects":true,"showParticleSystems":true},"in2DMode":false,"pivot":{"x":24.95996856689453,"y":1.5366560220718384,"z":-11.021279335021973},"rotation":{"x":0.058389030396938327,"y":0.9408352971076965,"z":-0.25466060638427737,"w":0.2162669152021408},"size":8.900029182434082,"orthographic":false}