{"cameraMode":{"drawMode":0,"name":"Shaded","section":"Shading Mode"},"sceneLighting":true,"audioPlay":false,"sceneViewState":{"showFog":true,"showMaterialUpdate":false,"showSkybox":true,"showFlares":true,"showImageEffects":true,"showParticleSystems":true},"in2DMode":false,"pivot":{"x":592.5936279296875,"y":369.3495788574219,"z":-304.8746643066406},"rotation":{"x":0.014031128957867623,"y":-0.9834800958633423,"z":0.16250023245811463,"w":0.08061473816633225},"size":1209.5665283203125,"orthographic":false}