{"cameraMode":{"drawMode":0,"name":"Shaded","section":"Shading Mode"},"sceneLighting":false,"audioPlay":false,"sceneViewState":{"showFog":true,"showMaterialUpdate":false,"showSkybox":false,"showFlares":true,"showImageEffects":true,"showParticleSystems":true},"in2DMode":false,"pivot":{"x":104.8680191040039,"y":-9.274020195007325,"z":3.3711071014404299},"rotation":{"x":-0.06793979555368424,"y":-0.8811439275741577,"z":0.13345973193645478,"w":-0.4487142264842987},"size":19.588905334472658,"orthographic":false}