{"cameraMode":{"drawMode":0,"name":"Shaded","section":"Shading Mode"},"sceneLighting":false,"audioPlay":false,"sceneViewState":{"showFog":true,"showMaterialUpdate":false,"showSkybox":false,"showFlares":true,"showImageEffects":true,"showParticleSystems":true},"in2DMode":false,"pivot":{"x":163.77615356445313,"y":12.368890762329102,"z":-48.69774627685547},"rotation":{"x":0.14335350692272187,"y":0.4235900640487671,"z":-0.06795383989810944,"w":0.8919141292572022},"size":16.731935501098634,"orthographic":false}