{"cameraMode":{"drawMode":0,"name":"Shaded","section":"Shading Mode"},"sceneLighting":false,"audioPlay":false,"sceneViewState":{"showFog":true,"showMaterialUpdate":false,"showSkybox":false,"showFlares":true,"showImageEffects":true,"showParticleSystems":true},"in2DMode":false,"pivot":{"x":15.55285358428955,"y":-7.0002899169921879,"z":-2.241497039794922},"rotation":{"x":0.12868079543113709,"y":0.8627259731292725,"z":-0.27431392669677737,"w":0.405049204826355},"size":16.76139259338379,"orthographic":false}