{"cameraMode":{"drawMode":0,"name":"Shaded","section":"Shading Mode"},"sceneLighting":false,"audioPlay":false,"sceneViewState":{"showFog":true,"showMaterialUpdate":false,"showSkybox":false,"showFlares":true,"showImageEffects":true,"showParticleSystems":true},"in2DMode":false,"pivot":{"x":386.94244384765627,"y":125.48551940917969,"z":421.80938720703127},"rotation":{"x":-0.12485775351524353,"y":-0.13024857640266419,"z":0.01685832440853119,"w":-0.9835956692695618},"size":455.0633544921875,"orthographic":false}