{"cameraMode":{"drawMode":0,"name":"Shaded","section":"Shading Mode"},"sceneLighting":false,"audioPlay":false,"sceneViewState":{"showFog":true,"showMaterialUpdate":false,"showSkybox":false,"showFlares":true,"showImageEffects":true,"showParticleSystems":true},"in2DMode":false,"pivot":{"x":140.26927185058595,"y":37.5808219909668,"z":-62.84983825683594},"rotation":{"x":-0.02267293445765972,"y":-0.10805309563875199,"z":0.00248217792250216,"w":-0.9939696192741394},"size":42.114925384521487,"orthographic":false}